<code_scheme name="Default" version="173">
  <JSCodeStyleSettings version="0">
    <option name="FUNCTION_EXPRESSION_BRACE_STYLE" value="2" />
  </JSCodeStyleSettings>
  <codeStyleSettings language="JavaScript">
    <option name="BRACE_STYLE" value="2" />
    <option name="CLASS_BRACE_STYLE" value="2" />
    <option name="METHOD_BRACE_STYLE" value="2" />
    <option name="KEEP_SIMPLE_BLOCKS_IN_ONE_LINE" value="true" />
    <indentOptions>
      <option name="USE_TAB_CHARACTER" value="true" />
      <option name="SMART_TABS" value="true" />
    </indentOptions>
  </codeStyleSettings>
</code_scheme>