<application>
  <component name="MaterialThemeConfig">
    <option name="contrastMode" value="true" />
    <option name="highContrast" value="true" />
    <option name="accentMode" value="true" />
    <option name="allowDataCollection" value="true" />
    <option name="isContrastMode" value="true" />
    <option name="isHighContrast" value="true" />
    <option name="isWizardShown" value="true" />
    <option name="overrideAccentColor" value="false" />
    <option name="pristineConfig" value="false" />
    <option name="accentColor" value="3f2c87" />
    <option name="selectedTheme" value="DARKER" />
    <option name="userId" value="12d17e5d:17281609af7:-8000" />
    <option name="version" value="5.2.0" />
  </component>
</application>